{
  "fold_r2s": [
    -0.5271647542234272,
    -0.9226838385035532,
    -0.05185856296502611,
    -0.0035656023537173898,
    -30.977051642631373,
    -0.459317644853241,
    0.0
  ],
  "fold_maes": [
    0.28476056247066034,
    0.31458305166757633,
    0.2680433411019029,
    0.3766937480832455,
    0.36906201970870345,
    0.3481176005505257,
    0.15626384677271798
  ],
  "mean_fold_r2": -4.705948863647192,
  "mean_fold_mae": 0.30250345290790465,
  "final_r2": 0.0,
  "final_mae": 0.1501751946540526,
  "features": [
    "totalRevenue",
    "netIncome",
    "totalAssets",
    "totalLiabilities",
    "operatingCashflow",
    "eps_ttm",
    "pe",
    "pb",
    "pe_sector_median",
    "pb_sector_median",
    "pe_vs_sector",
    "pb_vs_sector",
    "pe_mean_by_stock",
    "pe_vs_hist_mean",
    "r1m",
    "r3m",
    "r6m",
    "r12m"
  ],
  "top_features": [
    [
      "r1m",
      0.2857103943824768
    ],
    [
      "r3m",
      0.2235749214887619
    ],
    [
      "totalRevenue",
      0.20638783276081085
    ],
    [
      "pb_sector_median",
      0.20634515583515167
    ],
    [
      "totalAssets",
      0.008667060174047947
    ],
    [
      "r12m",
      0.008619160391390324
    ],
    [
      "r6m",
      0.007160012144595385
    ],
    [
      "totalLiabilities",
      0.006516118999570608
    ],
    [
      "netIncome",
      0.005916836205869913
    ],
    [
      "pe_sector_median",
      0.005805344320833683
    ],
    [
      "operatingCashflow",
      0.0056007239036262035
    ],
    [
      "pb",
      0.005368154961615801
    ],
    [
      "pe_vs_hist_mean",
      0.005067613907158375
    ],
    [
      "pe",
      0.00495270686224103
    ],
    [
      "pe_mean_by_stock",
      0.0047062174417078495
    ],
    [
      "eps_ttm",
      0.0038777415174990892
    ],
    [
      "pb_vs_sector",
      0.002994994167238474
    ],
    [
      "pe_vs_sector",
      0.0027291409205645323
    ]
  ]
}