{
  "mae": 19.33638338760283,
  "r2": 0.1540617552643634,
  "split_used": "random"
}