{
  "mae": 19.74820825192405,
  "r2": -0.9703406021555954,
  "feature_importances": [
    0.006572534795850515,
    0.0025086048990488052,
    0.008724761195480824,
    0.0162973552942276,
    0.0,
    0.04570351913571358,
    0.010540303774178028,
    0.0029961178079247475,
    0.014180433936417103,
    0.0012440972495824099,
    0.01056251022964716,
    0.0,
    0.08621635288000107,
    0.0035893386229872704,
    0.008566361851990223,
    0.0,
    0.0,
    0.0,
    0.008736992254853249,
    0.0,
    0.01741979829967022,
    0.10997302085161209,
    0.010502933524549007,
    0.018492482602596283,
    0.016058029606938362,
    0.01220161747187376,
    0.0,
    0.0,
    0.0,
    0.09058399498462677,
    0.02229129523038864,
    0.0,
    0.0,
    0.005467638373374939,
    0.0,
    0.0,
    0.009538775309920311,
    0.0855165347456932,
    0.01035462785512209,
    0.006591747980564833,
    0.009730469435453415,
    0.01085272803902626,
    0.008799142204225063,
    0.008958050049841404,
    0.01859571412205696,
    0.21666568517684937,
    0.006685177329927683,
    0.017326341941952705,
    0.00923987478017807,
    0.025626519694924355,
    0.0,
    0.002905311994254589,
    0.009389236569404602,
    0.0,
    0.013793905265629292
  ]
}