{
  "mae": 5.30506629041348,
  "r2": 0.894392008825706
}