{
  "winsor_low": -0.773533044902349,
  "winsor_high": 1.6771686224749367,
  "agg_cv_r2": 0.2336339607174206,
  "agg_cv_mae": 0.18236324003444793,
  "final_r2": 0.0,
  "final_mae": 0.07228889238679277,
  "feature_count": 150
}